USE GadgetWorldDB;

-- Insert Customers (50)
INSERT INTO Customers (customer_name, email, shipping_address, registration_date) VALUES
('Mohamed Ait Mhamed','mohamed@gadgetworld.ma','193 Rue Example, Sale','2025-04-25 21:03:26'),
('Rachid El Amrani','rachid.el0@gadgetworld.ma','190 Rue Example, Tanger','2025-02-05 03:26:26'),
('Hassan Gharbi','hassan.gharbi1@gadgetworld.ma','23 Rue Example, Settat','2024-08-07 09:33:26'),
('Khalid Tazi','khalid.tazi2@gadgetworld.ma','60 Rue Example, El Jadida','2024-02-05 09:59:26'),
('Imane Gharbi','imane.gharbi3@gadgetworld.ma','108 Rue Example, Fès','2024-07-10 16:17:26'),
('Mohamed Rifi','mohamed.rifi4@gadgetworld.ma','179 Rue Example, Oujda','2024-10-30 02:25:26'),
('Sofia Bennis','sofia.bennis5@gadgetworld.ma','27 Rue Example, Rabat','2024-09-19 07:12:26'),
('Wassim Laamrani','wassim.laamrani6@gadgetworld.ma','68 Rue Example, Casablanca','2024-06-29 17:27:26'),
('Youness Ait Haddou','youness.ait7@gadgetworld.ma','142 Rue Example, Tanger','2024-01-08 14:38:26'),
('Nabil Azzouzi','nabil.azzouzi8@gadgetworld.ma','50 Rue Example, Rabat','2025-08-27 13:20:26'),
('Meryem Ait Haddou','meryem.ait9@gadgetworld.ma','60 Rue Example, Rabat','2024-09-19 02:05:26'),
('Nabil Rifi','nabil.rifi10@gadgetworld.ma','95 Rue Example, Agadir','2025-03-12 13:17:26'),
('Omar Laamrani','omar.laamrani11@gadgetworld.ma','163 Rue Example, Marrakech','2024-04-14 11:19:26'),
('Fatima Bouziane','fatima.bouziane12@gadgetworld.ma','98 Rue Example, Tanger','2023-12-27 11:59:26'),
('Amina Bennis','amina.bennis13@gadgetworld.ma','197 Rue Example, Casablanca','2025-02-21 08:43:26'),
('Alaa Mansouri','alaa.mansouri14@gadgetworld.ma','69 Rue Example, Rabat','2025-03-10 15:38:26'),
('Alaa Tazi','alaa.tazi15@gadgetworld.ma','168 Rue Example, Kenitra','2024-09-02 14:05:26'),
('Mehdi Haddad','mehdi.haddad16@gadgetworld.ma','36 Rue Example, Fès','2024-03-17 17:18:26'),
('Ismail Zerouali','ismail.zerouali17@gadgetworld.ma','150 Rue Example, Oujda','2024-10-08 03:26:26'),
('Walid Baraka','walid.baraka18@gadgetworld.ma','24 Rue Example, Casablanca','2025-06-23 05:54:26'),
('Fatima Zerouali','fatima.zerouali19@gadgetworld.ma','153 Rue Example, Rabat','2024-09-13 21:56:26'),
('Fadoua Kabbaj','fadoua.kabbaj20@gadgetworld.ma','65 Rue Example, El Jadida','2025-10-01 12:48:26'),
('Rachid Gharbi','rachid.gharbi21@gadgetworld.ma','193 Rue Example, Tanger','2023-12-27 00:27:26'),
('Meryem Zerouali','meryem.zerouali22@gadgetworld.ma','41 Rue Example, Kenitra','2025-10-09 10:38:26'),
('Nora Kabbaj','nora.kabbaj23@gadgetworld.ma','196 Rue Example, Marrakech','2024-05-12 06:39:26'),
('Kenza Kabbaj','kenza.kabbaj24@gadgetworld.ma','156 Rue Example, Fès','2025-05-09 22:46:26'),
('Fatima Gharbi','fatima.gharbi25@gadgetworld.ma','200 Rue Example, El Jadida','2025-10-12 15:14:26'),
('Anas El Amrani','anas.el26@gadgetworld.ma','29 Rue Example, Agadir','2024-12-03 03:31:26'),
('Salma Azzouzi','salma.azzouzi27@gadgetworld.ma','21 Rue Example, Rabat','2024-06-03 07:46:26'),
('Marwa Bouazza','marwa.bouazza28@gadgetworld.ma','33 Rue Example, Kenitra','2024-03-30 05:18:26'),
('Mounir Laamrani','mounir.laamrani29@gadgetworld.ma','109 Rue Example, Fès','2024-04-08 10:50:26'),
('Imane Chafai','imane.chafai30@gadgetworld.ma','103 Rue Example, Agadir','2024-07-21 18:06:26'),
('Rachid Oulhaj','rachid.oulhaj31@gadgetworld.ma','58 Rue Example, Rabat','2024-11-01 09:57:26'),
('Ghita Oulhaj','ghita.oulhaj32@gadgetworld.ma','151 Rue Example, Fès','2025-10-06 07:49:26'),
('Ibrahim Oulhaj','ibrahim.oulhaj33@gadgetworld.ma','18 Rue Example, Casablanca','2024-11-09 08:02:26'),
('Salma Haddad','salma.haddad34@gadgetworld.ma','172 Rue Example, Kenitra','2025-03-07 17:26:26'),
('Yassine Azzouzi','yassine.azzouzi35@gadgetworld.ma','122 Rue Example, Fès','2024-06-15 21:22:26'),
('Hassan El Idrissi','hassan.el36@gadgetworld.ma','169 Rue Example, Oujda','2024-10-15 21:08:26'),
('Fadoua Benali','fadoua.benali37@gadgetworld.ma','173 Rue Example, Rabat','2025-08-11 21:48:26'),
('Rania El Idrissi','rania.el38@gadgetworld.ma','64 Rue Example, Fès','2025-04-01 17:06:26'),
('Soufiane Zerouali','soufiane.zerouali39@gadgetworld.ma','47 Rue Example, Tanger','2024-06-27 02:39:26'),
('Omar Bouziane','omar.bouziane40@gadgetworld.ma','141 Rue Example, Rabat','2025-08-22 14:00:26'),
('Reda Tazi','reda.tazi42@gadgetworld.ma','103 Rue Example, Casablanca','2025-04-27 22:34:26'),
('Youness Haddad','youness.haddad43@gadgetworld.ma','117 Rue Example, Tanger','2024-08-05 11:48:26'),
('Ghita Baraka','ghita.baraka44@gadgetworld.ma','40 Rue Example, Fès','2024-12-14 04:31:26'),
('Ismail Gharbi','ismail.gharbi45@gadgetworld.ma','16 Rue Example, Agadir','2025-08-16 08:57:26'),
('Reda Kabbaj','reda.kabbaj46@gadgetworld.ma','136 Rue Example, Marrakech','2025-08-15 18:29:26'),
('Khadija Ait Haddou','khadija.ait47@gadgetworld.ma','153 Rue Example, Rabat','2023-11-22 03:09:26'),
('Rachid Azzouzi','rachid.azzouzi48@gadgetworld.ma','64 Rue Example, Settat','2024-02-13 08:55:26'),
('Khalid Zerouali','khalid.zerouali49@gadgetworld.ma','169 Rue Example, Settat','2024-03-13 18:14:26');

-- Insert Suppliers (10)
INSERT INTO Suppliers (supplier_name, contact_email) VALUES

('GigaSupply','contact@gigasupply.com'),
('TechSource','contact@techsource.com'),
('AlphaElectro','contact@alphaelectro.com'),
('GlobalParts','contact@globalparts.com'),
('NorthStar Supplies','contact@northstarsupplies.com'),
('PrimeTech','contact@primetech.com'),
('ElectronixCo','contact@electronixco.com'),
('SmartLine','contact@smartline.com'),
('Omega Supplies','contact@omegasupplies.com'),
('Zenith Traders','contact@zenithtraders.com');

-- Insert Warehouses (4)
INSERT INTO Warehouses (warehouse_location) VALUES

('Casablanca Warehouse, Casablanca'),
('Rabat Warehouse, Rabat'),
('Tanger Warehouse, Tanger'),
('Agadir Warehouse, Agadir');

-- Insert Categories (20)
INSERT INTO Categories (category_name) VALUES

('Electronics'),
('Computers'),
('Smartphones'),
('Accessories'),
('Audio'),
('Home Appliances'),
('Gaming'),
('Office'),
('Wearables'),
('Cameras'),
('TV & Video'),
('Networking'),
('Storage'),
('Printers'),
('Smart Home'),
('Fitness'),
('Drones'),
('Car Electronics'),
('Beauty Tech'),
('Health');

-- Insert Products (100)
INSERT INTO Products (product_name, description, price, supplier_id, category_id) VALUES

('Module 1 Plus','Module 1 Plus - High quality. Ideal for consumers.',415.29,4,9),
('Widget 2 Plus','Widget 2 Plus - High quality. Ideal for consumers.',842.69,7,9),
('Gadget 3 Pro','Gadget 3 Pro - High quality. Ideal for consumers.',601.18,6,15),
('Gadget 4 X','Gadget 4 X - High quality. Ideal for consumers.',284.96,2,19),
('Device 5 Pro','Device 5 Pro - High quality. Ideal for consumers.',1144.25,3,9),
('Widget 6 Lite','Widget 6 Lite - High quality. Ideal for consumers.',1085.52,5,12),
('Module 7 X','Module 7 X - High quality. Ideal for consumers.',20.08,10,10),
('Module 8 Pro','Module 8 Pro - High quality. Ideal for consumers.',1221.21,5,18),
('Gadget 9 Pro','Gadget 9 Pro - High quality. Ideal for consumers.',967.71,5,5),
('Device 10 X','Device 10 X - High quality. Ideal for consumers.',281.7,5,5),
('Module 11 Plus','Module 11 Plus - High quality. Ideal for consumers.',1110.25,4,11),
('Device 12 Pro','Device 12 Pro - High quality. Ideal for consumers.',129.06,8,17),
('Gadget 13 Pro','Gadget 13 Pro - High quality. Ideal for consumers.',440.28,5,14),
('Widget 14 Plus','Widget 14 Plus - High quality. Ideal for consumers.',579.96,5,5),
('Gadget 15 Pro','Gadget 15 Pro - High quality. Ideal for consumers.',107.05,9,14),
('Gadget 16 S','Gadget 16 S - High quality. Ideal for consumers.',761.43,9,5),
('Widget 17 Pro','Widget 17 Pro - High quality. Ideal for consumers.',407.64,7,5),
('Widget 18 Plus','Widget 18 Plus - High quality. Ideal for consumers.',331.88,6,2),
('Gear 19 Lite','Gear 19 Lite - High quality. Ideal for consumers.',1266.24,6,4),
('Widget 20 Max','Widget 20 Max - High quality. Ideal for consumers.',1147.02,4,5),
('Module 21 S','Module 21 S - High quality. Ideal for consumers.',1019.27,3,1),
('Device 22 Max','Device 22 Max - High quality. Ideal for consumers.',1025.7,4,14),
('Gadget 23 Lite','Gadget 23 Lite - High quality. Ideal for consumers.',296.93,7,4),
('Device 24 Max','Device 24 Max - High quality. Ideal for consumers.',297.56,6,15),
('Device 25 S','Device 25 S - High quality. Ideal for consumers.',1125.01,7,7),
('Module 26 X','Module 26 X - High quality. Ideal for consumers.',525.58,6,9),
('Gadget 27 Pro','Gadget 27 Pro - High quality. Ideal for consumers.',1141.37,6,18),
('Gear 28 S','Gear 28 S - High quality. Ideal for consumers.',59.34,3,9),
('Device 29 Plus','Device 29 Plus - High quality. Ideal for consumers.',1024.48,7,20),
('Gear 30 Pro','Gear 30 Pro - High quality. Ideal for consumers.',506.89,10,14),
('Device 31 Pro','Device 31 Pro - High quality. Ideal for consumers.',924.32,4,19),
('Gear 32 Plus','Gear 32 Plus - High quality. Ideal for consumers.',938.05,9,1),
('Gizmo 33 Pro','Gizmo 33 Pro - High quality. Ideal for consumers.',1234.04,6,7),
('Device 34 Plus','Device 34 Plus - High quality. Ideal for consumers.',1103.93,10,11),
('Device 35 Plus','Device 35 Plus - High quality. Ideal for consumers.',536.82,9,10),
('Gear 36 Max','Gear 36 Max - High quality. Ideal for consumers.',257.46,5,13),
('Gear 37 X','Gear 37 X - High quality. Ideal for consumers.',398.22,3,13),
('Device 38 S','Device 38 S - High quality. Ideal for consumers.',281.13,1,18),
('Module 39 S','Module 39 S - High quality. Ideal for consumers.',609.82,10,19),
('Gear 40 Lite','Gear 40 Lite - High quality. Ideal for consumers.',1033.91,4,15),
('Device 41 X','Device 41 X - High quality. Ideal for consumers.',866.36,2,6),
('Gadget 42 Max','Gadget 42 Max - High quality. Ideal for consumers.',877.9,6,20),
('Widget 43 Pro','Widget 43 Pro - High quality. Ideal for consumers.',69.61,4,8),
('Gadget 44 Lite','Gadget 44 Lite - High quality. Ideal for consumers.',544.62,10,16),
('Module 45 Plus','Module 45 Plus - High quality. Ideal for consumers.',505.32,4,19),
('Widget 46 Plus','Widget 46 Plus - High quality. Ideal for consumers.',897.02,4,13),
('Widget 47 Max','Widget 47 Max - High quality. Ideal for consumers.',1047.29,7,4),
('Gadget 48 X','Gadget 48 X - High quality. Ideal for consumers.',331.46,8,17),
('Widget 49 Lite','Widget 49 Lite - High quality. Ideal for consumers.',871.17,8,4),
('Device 50 Lite','Device 50 Lite - High quality. Ideal for consumers.',800.31,10,18),
('Gear 51 Lite','Gear 51 Lite - High quality. Ideal for consumers.',1167.39,7,17),
('Device 52 Max','Device 52 Max - High quality. Ideal for consumers.',1093.41,8,16),
('Gizmo 53 Plus','Gizmo 53 Plus - High quality. Ideal for consumers.',318.62,9,9),
('Module 54 S','Module 54 S - High quality. Ideal for consumers.',312.49,2,15),
('Gear 55 Pro','Gear 55 Pro - High quality. Ideal for consumers.',188.49,6,11),
('Module 56 Max','Module 56 Max - High quality. Ideal for consumers.',921.27,7,8),
('Gizmo 57 S','Gizmo 57 S - High quality. Ideal for consumers.',709.96,7,3),
('Widget 58 Lite','Widget 58 Lite - High quality. Ideal for consumers.',512.42,1,14),
('Gear 59 Lite','Gear 59 Lite - High quality. Ideal for consumers.',625.29,1,19),
('Gizmo 60 Lite','Gizmo 60 Lite - High quality. Ideal for consumers.',704.29,5,12),
('Widget 61 Lite','Widget 61 Lite - High quality. Ideal for consumers.',293.04,10,18),
('Gadget 62 Lite','Gadget 62 Lite - High quality. Ideal for consumers.',443.6,8,14),
('Gizmo 63 Max','Gizmo 63 Max - High quality. Ideal for consumers.',1275.12,3,13),
('Gizmo 64 X','Gizmo 64 X - High quality. Ideal for consumers.',738.06,1,18),
('Module 65 Lite','Module 65 Lite - High quality. Ideal for consumers.',185.04,2,1),
('Gadget 66 S','Gadget 66 S - High quality. Ideal for consumers.',499.03,3,15),
('Device 67 S','Device 67 S - High quality. Ideal for consumers.',991.98,8,7),
('Gizmo 68 S','Gizmo 68 S - High quality. Ideal for consumers.',1087.03,5,13),
('Module 69 X','Module 69 X - High quality. Ideal for consumers.',77.18,1,16),
('Module 70 Pro','Module 70 Pro - High quality. Ideal for consumers.',1017.78,4,12),
('Widget 71 Max','Widget 71 Max - High quality. Ideal for consumers.',1092.6,1,2),
('Widget 72 Max','Widget 72 Max - High quality. Ideal for consumers.',620.88,3,20),
('Widget 73 Lite','Widget 73 Lite - High quality. Ideal for consumers.',912.3,10,4),
('Gear 74 X','Gear 74 X - High quality. Ideal for consumers.',1253.21,3,12),
('Device 75 Pro','Device 75 Pro - High quality. Ideal for consumers.',756.49,3,4),
('Module 76 Lite','Module 76 Lite - High quality. Ideal for consumers.',521.67,10,10),
('Gear 77 Plus','Gear 77 Plus - High quality. Ideal for consumers.',1081.43,2,7),
('Module 78 S','Module 78 S - High quality. Ideal for consumers.',1106.87,2,8),
('Gear 79 Pro','Gear 79 Pro - High quality. Ideal for consumers.',457.88,2,20),
('Gadget 80 X','Gadget 80 X - High quality. Ideal for consumers.',845.32,6,14),
('Gizmo 81 Pro','Gizmo 81 Pro - High quality. Ideal for consumers.',569.24,7,1),
('Module 82 Max','Module 82 Max - High quality. Ideal for consumers.',571.77,8,12),
('Gear 83 X','Gear 83 X - High quality. Ideal for consumers.',1009.28,5,17),
('Module 84 X','Module 84 X - High quality. Ideal for consumers.',356.22,7,15),
('Device 85 Lite','Device 85 Lite - High quality. Ideal for consumers.',324.57,2,8),
('Gear 86 Plus','Gear 86 Plus - High quality. Ideal for consumers.',498.89,10,15),
('Device 87 Max','Device 87 Max - High quality. Ideal for consumers.',638.93,8,1),
('Device 88 S','Device 88 S - High quality. Ideal for consumers.',1145.6,5,12),
('Gadget 89 X','Gadget 89 X - High quality. Ideal for consumers.',1232.99,9,9),
('Module 90 Lite','Module 90 Lite - High quality. Ideal for consumers.',640.26,4,3),
('Module 91 Plus','Module 91 Plus - High quality. Ideal for consumers.',643.15,8,8),
('Device 92 Max','Device 92 Max - High quality. Ideal for consumers.',531.67,2,1),
('Module 93 X','Module 93 X - High quality. Ideal for consumers.',486.03,5,8),
('Device 94 Lite','Device 94 Lite - High quality. Ideal for consumers.',1295.64,9,18),
('Device 95 Plus','Device 95 Plus - High quality. Ideal for consumers.',595.32,6,18),
('Widget 96 Pro','Widget 96 Pro - High quality. Ideal for consumers.',940.45,5,10),
('Module 97 X','Module 97 X - High quality. Ideal for consumers.',1236.62,2,11),
('Widget 98 Plus','Widget 98 Plus - High quality. Ideal for consumers.',634.61,4,6),
('Gear 99 S','Gear 99 S - High quality. Ideal for consumers.',1274.85,9,19),
('Widget 100 S','Widget 100 S - High quality. Ideal for consumers.',241.47,5,7);

-- Insert Inventory (200 records)
INSERT INTO Inventory (product_id, warehouse_id, quantity) VALUES

(1,4,211),
(2,1,254),
(2,2,140),
(2,3,121),
(3,4,140),
(4,1,117),
(4,2,81),
(4,2,139),
(4,3,113),
(5,1,120),
(5,2,257),
(5,3,111),
(5,3,252),
(5,4,45),
(6,1,283),
(6,3,28),
(7,2,265),
(7,3,124),
(7,3,244),
(8,2,157),
(9,1,43),
(9,2,140),
(10,2,1),
(10,2,135),
(11,1,221),
(11,3,75),
(12,4,49),
(12,4,178),
(13,1,227),
(14,1,293),
(14,2,79),
(14,3,284),
(15,1,67),
(15,1,120),
(15,1,205),
(15,1,243),
(15,2,23),
(15,2,76),
(15,4,60),
(15,4,263),
(16,4,46),
(16,4,155),
(17,2,35),
(17,4,269),
(19,1,46),
(19,4,35),
(20,3,43),
(21,3,159),
(22,3,14),
(23,1,195),
(23,2,67),
(23,3,26),
(24,4,251),
(25,2,35),
(28,2,168),
(29,2,128),
(31,2,282),
(31,4,292),
(32,1,285),
(33,1,238),
(33,4,151),
(34,1,80),
(35,2,36),
(35,2,147),
(36,2,66),
(36,4,174),
(37,2,37),
(37,2,180),
(37,3,232),
(37,3,300),
(37,4,245),
(37,4,281),
(38,1,118),
(38,2,251),
(38,3,191),
(38,3,212),
(39,4,128),
(40,1,50),
(40,1,282),
(41,3,165),
(41,4,195),
(42,2,122),
(43,4,162),
(43,4,233),
(43,4,253),
(44,4,204),
(45,1,92),
(46,3,151),
(47,1,188),
(47,2,46),
(47,4,226),
(48,1,142),
(48,2,242),
(48,3,299),
(49,3,55),
(50,2,253),
(50,4,54),
(51,1,135),
(51,3,97),
(53,1,115),
(53,2,38),
(53,3,164),
(53,3,216),
(53,4,240),
(54,1,160),
(54,2,212),
(54,4,174),
(55,3,130),
(56,2,125),
(57,1,269),
(57,1,296),
(57,3,94),
(57,3,219),
(57,3,300),
(57,4,62),
(57,4,120),
(58,2,211),
(58,3,262),
(58,4,176),
(59,1,73),
(59,2,196),
(59,3,101),
(59,3,276),
(60,1,72),
(60,3,235),
(61,3,173),
(61,4,142),
(62,4,124),
(62,4,218),
(63,1,295),
(65,2,22),
(65,3,1),
(65,3,84),
(65,4,50),
(65,4,224),
(68,4,289),
(69,1,232),
(69,2,198),
(70,3,31),
(70,3,89),
(70,3,271),
(72,1,136),
(72,1,300),
(72,3,46),
(72,3,62),
(74,1,89),
(74,2,219),
(74,4,119),
(75,2,118),
(75,4,76),
(76,1,231),
(76,3,8),
(76,3,51),
(77,3,180),
(77,3,224),
(77,3,232),
(79,4,143),
(80,2,254),
(80,3,195),
(80,4,41),
(81,1,77),
(81,1,158),
(81,2,217),
(81,3,116),
(81,4,277),
(83,1,31),
(83,1,237),
(83,2,255),
(84,1,250),
(85,2,10),
(85,4,114),
(86,1,82),
(87,1,137),
(87,2,49),
(87,2,241),
(88,1,251),
(88,2,87),
(90,1,282),
(90,3,173),
(90,3,209),
(90,4,139),
(91,3,212),
(92,3,260),
(92,4,37),
(93,1,147),
(93,2,220),
(94,3,234),
(95,3,128),
(96,1,222),
(96,2,192),
(96,3,58),
(96,3,66),
(97,2,203),
(98,1,104),
(98,2,108),
(98,2,300),
(98,4,115),
(100,2,1),
(100,4,22),
(100,4,230);

-- Insert Reviews (150)
INSERT INTO Reviews (product_id, customer_id, rating, comment, review_date) VALUES

(93,21,5,'Produit conforme','2025-08-31 09:25:26'),
(21,49,5,'Très bon produit','2024-11-02 08:17:26'),
(57,43,4,'Livraison rapide','2024-12-06 20:08:26'),
(35,14,5,'Satisfait de l''achat','2025-04-19 21:27:26'),
(37,44,5,'Livraison rapide','2025-01-16 13:15:26'),
(6,15,4,'Produit conforme','2025-09-15 10:21:26'),
(39,14,2,'Excellent, recommande','2025-05-18 00:27:26'),
(1,32,4,'Qualité moyenne','2025-08-07 22:00:26'),
(91,15,5,'Mauvais service après-vente','2024-11-04 23:30:26'),
(51,48,1,'Défectueux à la réception','2025-10-03 19:36:26'),
(10,21,5,'Défectueux à la réception','2024-12-23 21:49:26'),
(82,27,3,'Satisfait de l''achat','2025-03-20 10:14:26'),
(22,40,4,'Bon rapport qualité prix','2025-08-28 20:40:26'),
(14,16,4,'Produit conforme','2025-03-21 18:29:26'),
(51,20,3,'Ne correspond pas à la description','2025-04-26 05:30:26'),
(66,41,1,'Mauvais service après-vente','2025-01-25 03:37:26'),
(100,23,3,'Qualité moyenne','2025-06-15 07:25:26'),
(33,13,2,'Produit conforme','2025-07-26 14:30:26'),
(23,50,4,'Livraison rapide','2024-09-21 15:46:26'),
(75,29,5,'Produit conforme','2025-04-30 14:14:26'),
(20,29,1,'Livraison rapide','2025-02-28 14:15:26'),
(36,38,1,'Bon rapport qualité prix','2025-01-27 08:15:26'),
(60,29,1,'Très bon produit','2025-04-08 01:30:26'),
(83,6,5,'Produit conforme','2025-01-26 22:05:26'),
(75,36,1,'Livraison rapide','2024-12-24 14:22:26'),
(42,39,4,'Mauvais service après-vente','2025-07-28 09:06:26'),
(14,22,1,'Mauvais service après-vente','2024-11-17 05:32:26'),
(32,46,4,'Livraison rapide','2025-01-17 17:55:26'),
(21,24,3,'Excellent, recommande','2025-03-28 20:45:26'),
(44,44,5,'Très bon produit','2024-11-23 14:13:26'),
(9,22,1,'Mauvais service après-vente','2024-10-30 22:16:26'),
(33,47,5,'Qualité moyenne','2025-04-26 07:57:26'),
(85,10,3,'Excellent, recommande','2024-11-11 11:52:26'),
(51,9,5,'Satisfait de l''achat','2025-05-07 17:10:26'),
(83,22,2,'Mauvais service après-vente','2025-08-26 13:52:26'),
(55,33,3,'Très bon produit','2025-04-11 01:23:26'),
(28,22,4,'Ne correspond pas à la description','2025-06-20 06:25:26'),
(10,19,1,'Mauvais service après-vente','2024-09-13 16:41:26'),
(95,34,1,'Bon rapport qualité prix','2024-09-15 15:26:26'),
(77,25,2,'Qualité moyenne','2025-07-12 11:45:26'),
(80,11,4,'Très bon produit','2025-03-16 22:51:26'),
(93,16,4,'Produit conforme','2025-05-20 10:44:26'),
(58,15,5,'Ne correspond pas à la description','2025-05-07 18:37:26'),
(25,24,5,'Livraison rapide','2025-02-19 00:45:26'),
(49,33,5,'Défectueux à la réception','2025-07-23 03:43:26'),
(78,9,3,'Très bon produit','2024-11-18 18:39:26'),
(48,36,1,'Mauvais service après-vente','2025-08-11 01:29:26'),
(98,11,3,'Livraison rapide','2025-01-24 05:41:26'),
(56,6,2,'Livraison rapide','2025-04-18 10:08:26'),
(7,26,5,'Bon rapport qualité prix','2025-06-14 22:29:26'),
(48,15,1,'Bon rapport qualité prix','2025-08-23 11:53:26'),
(43,10,2,'Très bon produit','2025-05-19 18:50:26'),
(18,49,4,'Livraison rapide','2024-12-02 09:37:26'),
(11,2,3,'Ne correspond pas à la description','2025-07-28 16:48:26'),
(78,34,4,'Satisfait de l''achat','2024-09-11 01:19:26'),
(39,8,1,'Ne correspond pas à la description','2025-03-12 13:44:26'),
(80,30,1,'Satisfait de l''achat','2025-01-30 15:00:26'),
(3,41,5,'Produit conforme','2025-06-11 12:25:26'),
(38,28,1,'Produit conforme','2025-04-16 02:58:26'),
(54,12,1,'Mauvais service après-vente','2025-04-12 08:01:26'),
(70,33,5,'Mauvais service après-vente','2025-10-02 21:39:26'),
(61,3,4,'Bon rapport qualité prix','2025-06-05 11:33:26'),
(46,5,3,'Ne correspond pas à la description','2024-10-02 12:54:26'),
(14,50,5,'Bon rapport qualité prix','2025-08-06 09:12:26'),
(70,22,2,'Livraison rapide','2024-10-21 18:54:26'),
(24,9,1,'Livraison rapide','2025-09-25 01:22:26'),
(6,13,1,'Bon rapport qualité prix','2025-05-07 18:09:26'),
(70,31,3,'Très bon produit','2024-09-22 14:22:26'),
(37,23,1,'Bon rapport qualité prix','2025-05-27 06:43:26'),
(48,28,4,'Livraison rapide','2025-03-30 00:23:26'),
(64,45,4,'Bon rapport qualité prix','2025-01-21 01:43:26'),
(11,47,4,'Satisfait de l''achat','2025-03-06 14:42:26'),
(24,35,3,'Bon rapport qualité prix','2025-08-22 08:14:26'),
(85,19,3,'Livraison rapide','2024-12-08 12:07:26'),
(22,45,4,'Bon rapport qualité prix','2025-02-27 08:48:26'),
(46,40,4,'Excellent, recommande','2024-11-20 09:30:26'),
(86,41,4,'Bon rapport qualité prix','2025-01-23 10:51:26'),
(21,2,2,'Produit conforme','2024-10-30 20:32:26'),
(17,5,2,'Bon rapport qualité prix','2025-04-10 21:58:26'),
(5,39,2,'Livraison rapide','2025-04-06 23:06:26'),
(98,5,5,'Qualité moyenne','2025-01-14 23:09:26'),
(41,42,3,'Ne correspond pas à la description','2025-08-16 09:47:26'),
(24,32,5,'Défectueux à la réception','2024-12-30 07:18:26'),
(100,17,4,'Ne correspond pas à la description','2024-12-04 00:50:26'),
(63,13,1,'Qualité moyenne','2025-09-05 20:23:26'),
(92,29,1,'Bon rapport qualité prix','2024-11-05 22:49:26'),
(9,36,5,'Excellent, recommande','2025-05-13 04:49:26'),
(91,45,2,'Bon rapport qualité prix','2025-01-26 03:27:26'),
(26,9,2,'Livraison rapide','2025-09-29 22:59:26'),
(74,24,4,'Mauvais service après-vente','2025-08-07 14:38:26'),
(12,5,3,'Défectueux à la réception','2024-10-10 11:04:26'),
(68,27,4,'Produit conforme','2025-09-06 06:14:26'),
(83,5,4,'Livraison rapide','2024-10-29 18:12:26'),
(17,50,5,'Produit conforme','2025-07-12 06:07:26'),
(65,4,1,'Mauvais service après-vente','2025-07-27 01:24:26'),
(21,21,2,'Bon rapport qualité prix','2025-01-21 00:40:26'),
(11,17,2,'Mauvais service après-vente','2025-05-26 05:54:26'),
(39,40,5,'Satisfait de l''achat','2025-01-28 14:24:26'),
(76,38,2,'Qualité moyenne','2024-11-09 14:48:26'),
(78,22,5,'Très bon produit','2025-09-29 08:32:26'),
(83,50,5,'Excellent, recommande','2024-11-14 03:45:26'),
(74,27,5,'Très bon produit','2025-01-31 14:00:26'),
(38,42,3,'Livraison rapide','2025-06-09 13:09:26'),
(39,30,1,'Très bon produit','2025-07-24 20:08:26'),
(62,30,2,'Bon rapport qualité prix','2024-12-07 06:14:26'),
(92,21,3,'Défectueux à la réception','2025-08-07 23:02:26'),
(72,7,3,'Ne correspond pas à la description','2025-02-17 07:17:26'),
(58,16,2,'Satisfait de l''achat','2025-09-18 01:10:26'),
(79,27,2,'Qualité moyenne','2025-04-28 15:48:26'),
(41,13,2,'Livraison rapide','2025-01-22 20:03:26'),
(40,32,1,'Satisfait de l''achat','2025-03-25 18:05:26'),
(31,14,5,'Bon rapport qualité prix','2025-09-19 09:16:26'),
(64,39,4,'Excellent, recommande','2025-01-12 09:40:26'),
(14,28,2,'Excellent, recommande','2024-10-05 22:46:26'),
(52,24,1,'Défectueux à la réception','2025-09-16 15:59:26'),
(25,24,5,'Excellent, recommande','2025-09-05 22:02:26'),
(58,49,5,'Excellent, recommande','2024-11-27 12:55:26'),
(16,9,1,'Défectueux à la réception','2025-04-04 23:59:26'),
(47,49,2,'Ne correspond pas à la description','2024-12-08 18:09:26'),
(65,3,1,'Très bon produit','2025-08-03 12:13:26'),
(61,34,4,'Qualité moyenne','2024-12-06 18:26:26'),
(42,40,3,'Qualité moyenne','2025-03-25 14:47:26'),
(39,38,3,'Mauvais service après-vente','2025-01-25 17:03:26'),
(91,37,3,'Livraison rapide','2025-10-04 23:13:26'),
(87,8,4,'Produit conforme','2025-05-08 10:39:26'),
(89,41,1,'Produit conforme','2025-02-13 01:53:26'),
(100,38,5,'Ne correspond pas à la description','2024-10-09 08:57:26'),
(62,11,5,'Produit conforme','2024-09-11 22:25:26'),
(88,16,1,'Produit conforme','2024-10-20 07:22:26'),
(3,29,3,'Défectueux à la réception','2025-07-27 20:50:26'),
(27,27,5,'Produit conforme','2025-02-13 10:48:26'),
(8,46,2,'Mauvais service après-vente','2025-06-28 17:14:26'),
(85,31,5,'Défectueux à la réception','2025-05-06 05:05:26'),
(69,22,5,'Bon rapport qualité prix','2024-10-31 10:51:26'),
(83,45,3,'Produit conforme','2025-02-08 04:19:26'),
(36,36,3,'Ne correspond pas à la description','2025-05-14 00:49:26'),
(27,45,4,'Bon rapport qualité prix','2025-02-09 22:59:26'),
(93,18,3,'Satisfait de l''achat','2024-12-23 13:00:26'),
(49,26,3,'Qualité moyenne','2025-05-18 09:16:26'),
(92,6,3,'Livraison rapide','2024-11-12 01:47:26'),
(62,14,2,'Mauvais service après-vente','2025-05-27 16:50:26'),
(35,9,1,'Produit conforme','2024-09-28 16:19:26'),
(32,4,5,'Ne correspond pas à la description','2024-11-21 03:31:26'),
(13,27,3,'Livraison rapide','2025-08-22 12:45:26'),
(18,1,5,'Qualité moyenne','2025-03-18 13:35:26'),
(61,31,2,'Excellent, recommande','2025-05-02 00:53:26'),
(8,50,1,'Produit conforme','2025-06-16 16:47:26'),
(93,3,2,'Défectueux à la réception','2025-07-15 08:41:26'),
(51,32,2,'Excellent, recommande','2025-09-24 10:15:26'),
(73,39,1,'Bon rapport qualité prix','2025-05-20 19:53:26');

-- Insert Orders (200)
INSERT INTO Orders (customer_id, order_date, status) VALUES

(16,'2025-06-05 04:13:26','Delivered'),
(29,'2025-04-07 08:00:26','Delivered'),
(13,'2025-09-17 02:10:26','Delivered'),
(39,'2025-09-23 08:22:26','Delivered'),
(38,'2024-10-07 12:59:26','Processing'),
(14,'2025-04-26 00:36:26','Pending'),
(13,'2024-09-29 06:47:26','Canceled'),
(31,'2025-06-10 11:56:26','Delivered'),
(26,'2025-06-12 17:14:26','Delivered'),
(25,'2025-02-16 16:53:26','Processing'),
(17,'2025-04-11 17:38:26','Shipped'),
(7,'2024-10-08 18:46:26','Delivered'),
(14,'2025-04-07 00:08:26','Pending'),
(15,'2024-09-29 06:33:26','Processing'),
(38,'2024-12-20 11:08:26','Processing'),
(13,'2025-04-28 03:10:26','Shipped'),
(16,'2025-01-30 16:53:26','Delivered'),
(22,'2025-06-03 18:48:26','Delivered'),
(32,'2025-02-20 04:48:26','Delivered'),
(11,'2025-08-02 11:00:26','Shipped'),
(35,'2024-11-19 09:01:26','Pending'),
(5,'2024-11-05 08:46:26','Pending'),
(9,'2024-11-25 03:30:26','Delivered'),
(1,'2025-06-23 18:05:26','Processing'),
(40,'2024-11-20 12:35:26','Delivered'),
(31,'2024-11-09 19:33:26','Pending'),
(36,'2025-03-17 10:33:26','Shipped'),
(18,'2025-01-12 01:33:26','Shipped'),
(45,'2024-11-01 20:43:26','Delivered'),
(12,'2025-08-20 07:01:26','Pending'),
(13,'2024-11-29 18:18:26','Delivered'),
(18,'2025-03-24 08:11:26','Canceled'),
(30,'2024-12-28 02:50:26','Processing'),
(44,'2025-09-01 13:40:26','Delivered'),
(3,'2025-08-26 22:10:26','Processing'),
(31,'2025-09-14 14:34:26','Delivered'),
(6,'2025-01-30 20:53:26','Delivered'),
(37,'2025-08-25 17:36:26','Pending'),
(14,'2024-10-23 16:04:26','Processing'),
(5,'2024-10-28 01:37:26','Shipped'),
(43,'2025-09-27 04:35:26','Delivered'),
(2,'2025-06-28 16:25:26','Delivered'),
(46,'2025-03-24 08:15:26','Processing'),
(16,'2024-12-26 21:51:26','Delivered'),
(22,'2025-03-30 11:26:26','Delivered'),
(45,'2024-10-08 08:02:26','Delivered'),
(23,'2025-09-16 07:07:26','Processing'),
(5,'2025-04-21 14:45:26','Delivered'),
(39,'2025-03-24 00:33:26','Delivered'),
(29,'2025-02-04 03:12:26','Shipped'),
(25,'2025-03-06 04:51:26','Shipped'),
(25,'2025-08-30 15:16:26','Delivered'),
(46,'2025-09-06 08:17:26','Processing'),
(46,'2024-11-23 05:47:26','Processing'),
(24,'2025-08-20 08:34:26','Delivered'),
(29,'2025-04-12 02:28:26','Pending'),
(12,'2025-03-06 19:59:26','Shipped'),
(27,'2025-08-22 10:29:26','Processing'),
(6,'2024-12-11 14:44:26','Processing'),
(25,'2025-10-07 01:08:26','Processing'),
(6,'2024-10-06 16:37:26','Canceled'),
(16,'2024-12-24 18:24:26','Delivered'),
(11,'2025-08-03 02:15:26','Processing'),
(10,'2025-09-11 05:07:26','Processing'),
(20,'2025-02-08 08:11:26','Processing'),
(16,'2024-10-08 14:03:26','Shipped'),
(13,'2025-02-21 07:26:26','Processing'),
(26,'2025-04-25 15:10:26','Delivered'),
(22,'2025-03-02 00:07:26','Delivered'),
(42,'2024-12-13 06:15:26','Processing'),
(45,'2025-07-02 19:14:26','Processing'),
(26,'2025-05-03 00:47:26','Delivered'),
(32,'2024-12-23 03:14:26','Processing'),
(26,'2025-04-10 06:35:26','Shipped'),
(38,'2025-01-07 04:51:26','Delivered'),
(2,'2024-10-05 19:49:26','Processing'),
(19,'2024-10-24 07:42:26','Delivered'),
(27,'2024-11-02 19:26:26','Delivered'),
(16,'2025-06-05 13:25:26','Delivered'),
(25,'2025-09-05 19:56:26','Shipped'),
(26,'2025-01-12 17:35:26','Delivered'),
(45,'2025-03-12 17:32:26','Delivered'),
(24,'2024-10-18 16:56:26','Delivered'),
(6,'2025-08-19 02:52:26','Delivered'),
(11,'2024-11-15 15:32:26','Shipped'),
(42,'2024-10-31 14:09:26','Canceled'),
(22,'2025-03-07 07:34:26','Pending'),
(15,'2025-01-24 11:01:26','Shipped'),
(45,'2024-12-23 03:06:26','Processing'),
(30,'2024-09-12 12:57:26','Delivered'),
(10,'2025-04-20 10:04:26','Pending'),
(27,'2025-08-31 06:41:26','Delivered'),
(10,'2025-04-18 01:13:26','Shipped'),
(14,'2025-01-19 19:12:26','Shipped'),
(29,'2024-10-08 12:06:26','Processing'),
(20,'2025-09-20 12:27:26','Pending'),
(22,'2024-11-16 06:51:26','Delivered'),
(48,'2025-06-10 18:23:26','Shipped'),
(22,'2024-12-30 21:05:26','Processing'),
(26,'2024-11-25 05:23:26','Delivered'),
(28,'2025-03-25 09:47:26','Delivered'),
(13,'2025-02-24 16:07:26','Processing'),
(46,'2025-06-26 04:17:26','Delivered'),
(5,'2024-12-22 06:43:26','Delivered'),
(12,'2025-04-09 00:22:26','Shipped'),
(17,'2024-11-03 19:01:26','Canceled'),
(21,'2024-12-11 21:55:26','Processing'),
(8,'2025-04-17 22:40:26','Shipped'),
(12,'2024-11-02 11:43:26','Processing'),
(40,'2024-12-15 07:51:26','Pending'),
(8,'2025-06-13 01:27:26','Processing'),
(45,'2025-08-01 18:10:26','Shipped'),
(9,'2024-12-22 22:07:26','Processing'),
(41,'2025-01-10 11:36:26','Delivered'),
(12,'2025-01-02 05:03:26','Processing'),
(12,'2025-05-04 19:55:26','Pending'),
(23,'2025-10-08 19:26:26','Processing'),
(25,'2024-12-29 17:53:26','Shipped'),
(44,'2025-02-03 20:49:26','Delivered'),
(32,'2025-07-20 07:58:26','Pending'),
(49,'2025-06-23 01:32:26','Processing'),
(35,'2025-05-19 04:45:26','Shipped'),
(48,'2024-09-12 18:59:26','Shipped'),
(37,'2025-08-16 01:45:26','Shipped'),
(24,'2025-01-09 08:46:26','Delivered'),
(35,'2025-06-23 21:28:26','Delivered'),
(42,'2024-09-24 03:15:26','Delivered'),
(3,'2025-02-25 02:12:26','Delivered'),
(6,'2025-03-03 06:45:26','Delivered'),
(14,'2024-09-30 15:50:26','Processing'),
(46,'2024-12-04 14:07:26','Processing'),
(9,'2025-06-30 03:43:26','Pending'),
(23,'2025-01-14 01:56:26','Shipped'),
(21,'2024-10-18 01:16:26','Shipped'),
(33,'2024-10-31 07:26:26','Canceled'),
(27,'2025-09-13 01:39:26','Delivered'),
(45,'2025-08-07 03:25:26','Delivered'),
(16,'2024-09-18 13:09:26','Shipped'),
(37,'2024-11-24 01:54:26','Shipped'),
(29,'2025-09-04 13:44:26','Delivered'),
(6,'2025-03-20 17:47:26','Processing'),
(24,'2025-02-22 19:14:26','Shipped'),
(50,'2024-10-03 07:48:26','Canceled'),
(41,'2024-11-06 12:12:26','Delivered'),
(35,'2025-03-24 04:07:26','Delivered'),
(32,'2025-05-28 23:41:26','Processing'),
(36,'2024-12-22 05:58:26','Delivered'),
(22,'2024-10-29 09:32:26','Pending'),
(30,'2025-10-05 06:35:26','Delivered'),
(29,'2025-02-22 10:07:26','Processing'),
(45,'2025-08-06 14:15:26','Processing'),
(18,'2025-08-26 14:11:26','Processing'),
(24,'2024-11-06 14:24:26','Pending'),
(41,'2025-05-09 10:50:26','Delivered'),
(28,'2024-11-12 07:49:26','Pending'),
(14,'2025-02-11 08:26:26','Shipped'),
(34,'2024-10-29 20:34:26','Pending'),
(22,'2025-08-12 20:50:26','Pending'),
(5,'2025-06-17 22:29:26','Delivered'),
(7,'2025-08-22 00:11:26','Delivered'),
(9,'2025-04-01 05:53:26','Canceled'),
(10,'2025-09-07 17:58:26','Pending'),
(42,'2025-07-20 20:12:26','Delivered'),
(41,'2024-09-25 05:36:26','Shipped'),
(44,'2025-03-01 04:29:26','Delivered'),
(9,'2024-09-23 06:57:26','Delivered'),
(23,'2025-03-07 23:44:26','Pending'),
(18,'2024-11-17 08:19:26','Shipped'),
(39,'2024-10-08 15:16:26','Delivered'),
(45,'2025-09-29 12:38:26','Processing'),
(34,'2024-12-06 18:22:26','Delivered'),
(19,'2024-11-17 08:44:26','Delivered'),
(16,'2025-02-01 22:27:26','Processing'),
(41,'2024-12-13 08:01:26','Delivered'),
(1,'2025-04-12 00:26:26','Processing'),
(37,'2025-03-11 23:00:26','Delivered'),
(49,'2025-02-14 08:33:26','Shipped'),
(1,'2025-06-01 04:32:26','Delivered'),
(26,'2025-01-27 00:54:26','Delivered'),
(50,'2025-03-14 20:50:26','Shipped'),
(41,'2025-01-11 16:55:26','Processing'),
(6,'2025-05-08 08:02:26','Delivered'),
(10,'2025-01-12 00:09:26','Shipped'),
(49,'2024-11-14 12:53:26','Pending'),
(45,'2025-03-03 10:40:26','Processing'),
(16,'2025-08-29 21:27:26','Shipped'),
(39,'2025-09-15 00:52:26','Delivered'),
(48,'2025-07-16 07:34:26','Delivered'),
(45,'2025-10-08 05:03:26','Canceled'),
(34,'2025-01-21 11:18:26','Processing'),
(9,'2024-09-25 01:48:26','Delivered'),
(50,'2025-09-27 23:43:26','Shipped'),
(34,'2025-09-11 01:49:26','Canceled'),
(41,'2025-09-03 19:05:26','Shipped'),
(4,'2025-01-30 16:24:26','Processing'),
(17,'2024-09-13 06:37:26','Shipped'),
(47,'2025-08-15 02:47:26','Shipped'),
(3,'2025-10-07 03:32:26','Shipped'),
(25,'2025-07-29 04:35:26','Canceled'),
(3,'2025-01-02 11:47:26','Delivered');

-- Insert Order_Items (500)
INSERT INTO Order_Items (order_id, product_id, quantity, unit_price) VALUES

(1,29,4,1024.48),
(1,42,3,877.9),
(1,32,3,938.05),
(2,10,3,281.7),
(2,74,1,1253.21),
(3,65,1,185.04),
(3,87,2,638.93),
(4,29,1,1024.48),
(4,67,4,991.98),
(5,9,3,967.71),
(5,60,3,704.29),
(6,42,4,877.9),
(6,12,1,129.06),
(6,71,3,1092.6),
(7,26,3,525.58),
(8,73,3,912.3),
(9,95,3,595.32),
(9,80,5,845.32),
(9,32,4,938.05),
(9,60,2,704.29),
(10,94,5,1295.64),
(11,98,2,634.61),
(12,20,1,1147.02),
(12,1,2,415.29),
(12,53,5,318.62),
(13,45,1,505.32),
(13,82,3,571.77),
(13,89,1,1232.99),
(14,98,4,634.61),
(15,95,5,595.32),
(15,94,2,1295.64),
(15,40,4,1033.91),
(15,14,4,579.96),
(15,27,1,1141.37),
(16,19,2,1266.24),
(16,92,5,531.67),
(16,36,4,257.46),
(16,12,3,129.06),
(16,6,4,1085.52),
(17,96,5,940.45),
(17,11,1,1110.25),
(18,65,4,185.04),
(18,18,1,331.88),
(18,82,5,571.77),
(19,73,4,912.3),
(19,8,2,1221.21),
(20,31,3,924.32),
(20,38,3,281.13),
(21,51,3,1167.39),
(21,90,3,640.26),
(21,95,4,595.32),
(22,35,2,536.82),
(23,10,2,281.7),
(23,26,5,525.58),
(24,14,1,579.96),
(24,20,2,1147.02),
(25,58,3,512.42),
(25,60,4,704.29),
(26,16,3,761.43),
(26,69,2,77.18),
(27,58,3,512.42),
(28,60,3,704.29),
(29,16,3,761.43),
(29,12,5,129.06),
(29,21,1,1019.27),
(29,88,2,1145.6),
(30,42,1,877.9),
(30,19,2,1266.24),
(31,46,3,897.02),
(31,51,3,1167.39),
(31,66,2,499.03),
(31,7,1,20.08),
(32,52,4,1093.41),
(33,72,5,620.88),
(33,96,2,940.45),
(34,13,1,440.28),
(34,60,2,704.29),
(35,16,2,761.43),
(35,2,4,842.69),
(35,8,3,1221.21),
(35,100,1,241.47),
(35,29,5,1024.48),
(35,17,5,407.64),
(36,34,1,1103.93),
(36,10,2,281.7),
(36,3,4,601.18),
(37,17,1,407.64),
(37,12,1,129.06),
(37,43,4,69.61),
(38,7,2,20.08),
(39,74,4,1253.21),
(39,56,4,921.27),
(39,93,1,486.03),
(40,49,2,871.17),
(40,88,3,1145.6),
(40,55,2,188.49),
(41,24,3,297.56),
(41,36,4,257.46),
(42,20,5,1147.02),
(42,5,5,1144.25),
(43,79,3,457.88),
(43,32,4,938.05),
(44,53,5,318.62),
(45,62,3,443.6),
(45,8,4,1221.21),
(45,12,2,129.06),
(46,54,5,312.49),
(46,26,2,525.58),
(47,81,1,569.24),
(47,70,4,1017.78),
(48,92,4,531.67),
(48,46,3,897.02),
(48,62,5,443.6),
(48,70,5,1017.78),
(49,42,3,877.9),
(49,50,2,800.31),
(50,4,2,284.96),
(50,41,1,866.36),
(50,77,3,1081.43),
(51,8,4,1221.21),
(52,68,5,1087.03),
(52,46,2,897.02),
(53,21,2,1019.27),
(53,13,3,440.28),
(53,32,5,938.05),
(54,95,1,595.32),
(55,98,2,634.61),
(56,74,2,1253.21),
(56,50,2,800.31),
(56,46,5,897.02),
(56,23,3,296.93),
(57,95,1,595.32),
(57,90,3,640.26),
(57,46,5,897.02),
(57,76,5,521.67),
(58,19,4,1266.24),
(58,73,5,912.3),
(58,25,3,1125.01),
(59,23,1,296.93),
(59,63,1,1275.12),
(60,8,2,1221.21),
(60,30,1,506.89),
(60,78,5,1106.87),
(61,62,2,443.6),
(61,1,2,415.29),
(61,43,3,69.61),
(61,79,2,457.88),
(62,42,2,877.9),
(62,8,5,1221.21),
(62,3,2,601.18),
(63,100,5,241.47),
(63,15,3,107.05),
(64,10,4,281.7),
(64,48,5,331.46),
(64,91,1,643.15),
(64,85,3,324.57),
(65,39,3,609.82),
(66,18,4,331.88),
(66,21,4,1019.27),
(66,94,3,1295.64),
(67,23,5,296.93),
(67,91,3,643.15),
(67,72,2,620.88),
(68,86,5,498.89),
(69,23,3,296.93),
(69,49,3,871.17),
(70,17,1,407.64),
(70,23,5,296.93),
(71,51,1,1167.39),
(71,99,2,1274.85),
(71,73,5,912.3),
(72,41,5,866.36),
(73,29,5,1024.48),
(74,14,2,579.96),
(74,64,3,738.06),
(75,96,2,940.45),
(75,10,3,281.7),
(76,41,1,866.36),
(76,22,3,1025.7),
(76,82,4,571.77),
(77,2,1,842.69),
(77,34,3,1103.93),
(77,27,3,1141.37),
(77,32,1,938.05),
(77,89,1,1232.99),
(78,7,4,20.08),
(78,50,2,800.31),
(78,57,4,709.96),
(79,64,5,738.06),
(79,49,4,871.17),
(79,45,1,505.32),
(80,62,2,443.6),
(80,74,2,1253.21),
(81,58,1,512.42),
(82,5,3,1144.25),
(82,38,3,281.13),
(82,3,1,601.18),
(83,10,4,281.7),
(83,44,2,544.62),
(83,22,1,1025.7),
(84,71,5,1092.6),
(84,12,5,129.06),
(84,44,4,544.62),
(85,91,2,643.15),
(85,4,5,284.96),
(85,56,4,921.27),
(86,21,1,1019.27),
(87,13,2,440.28),
(87,43,2,69.61),
(88,53,5,318.62),
(89,93,3,486.03),
(89,94,3,1295.64),
(89,70,2,1017.78),
(89,34,1,1103.93),
(90,7,5,20.08),
(90,51,5,1167.39),
(91,63,2,1275.12),
(92,7,3,20.08),
(93,1,3,415.29),
(93,55,5,188.49),
(93,12,4,129.06),
(94,26,1,525.58),
(95,4,2,284.96),
(95,27,3,1141.37),
(96,11,3,1110.25),
(96,61,4,293.04),
(96,15,4,107.05),
(97,63,5,1275.12),
(97,85,4,324.57),
(97,34,2,1103.93),
(97,12,3,129.06),
(98,49,1,871.17),
(98,48,3,331.46),
(98,24,4,297.56),
(98,58,4,512.42),
(99,34,3,1103.93),
(99,29,5,1024.48),
(100,8,1,1221.21),
(100,20,1,1147.02),
(101,86,5,498.89),
(101,45,4,505.32),
(102,97,2,1236.62),
(102,76,5,521.67),
(103,8,4,1221.21),
(103,50,5,800.31),
(103,67,4,991.98),
(104,74,3,1253.21),
(104,31,1,924.32),
(104,61,4,293.04),
(105,92,5,531.67),
(105,5,5,1144.25),
(105,65,5,185.04),
(106,87,1,638.93),
(106,80,4,845.32),
(106,19,2,1266.24),
(107,22,4,1025.7),
(107,28,1,59.34),
(107,25,4,1125.01),
(107,17,2,407.64),
(107,6,2,1085.52),
(108,77,1,1081.43),
(108,34,1,1103.93),
(108,41,4,866.36),
(109,72,3,620.88),
(109,51,3,1167.39),
(109,71,5,1092.6),
(110,59,5,625.29),
(110,2,5,842.69),
(110,90,5,640.26),
(111,54,1,312.49),
(112,54,2,312.49),
(113,19,5,1266.24),
(113,73,5,912.3),
(114,98,1,634.61),
(114,13,5,440.28),
(115,100,3,241.47),
(115,13,4,440.28),
(115,37,4,398.22),
(115,69,5,77.18),
(115,45,5,505.32),
(115,53,4,318.62),
(116,5,2,1144.25),
(117,36,5,257.46),
(117,52,4,1093.41),
(117,19,1,1266.24),
(117,80,4,845.32),
(118,43,1,69.61),
(118,89,4,1232.99),
(118,31,3,924.32),
(119,48,3,331.46),
(119,3,3,601.18),
(119,44,4,544.62),
(119,39,1,609.82),
(120,30,4,506.89),
(120,18,3,331.88),
(120,39,3,609.82),
(121,94,1,1295.64),
(121,54,2,312.49),
(121,78,4,1106.87),
(122,28,4,59.34),
(122,53,5,318.62),
(123,48,2,331.46),
(123,8,1,1221.21),
(123,66,3,499.03),
(124,91,5,643.15),
(125,52,2,1093.41),
(126,100,5,241.47),
(126,68,1,1087.03),
(127,23,1,296.93),
(127,25,2,1125.01),
(127,26,1,525.58),
(128,59,1,625.29),
(129,47,3,1047.29),
(129,91,3,643.15),
(129,26,4,525.58),
(130,65,1,185.04),
(130,51,1,1167.39),
(130,82,2,571.77),
(131,48,5,331.46),
(131,63,4,1275.12),
(132,23,5,296.93),
(132,61,3,293.04),
(132,76,3,521.67),
(133,21,3,1019.27),
(134,96,3,940.45),
(134,89,1,1232.99),
(134,12,4,129.06),
(135,7,2,20.08),
(135,21,2,1019.27),
(135,74,2,1253.21),
(135,100,2,241.47),
(136,35,1,536.82),
(136,84,1,356.22),
(136,53,4,318.62),
(136,66,2,499.03),
(137,83,5,1009.28),
(137,23,1,296.93),
(138,29,3,1024.48),
(138,33,4,1234.04),
(138,78,4,1106.87),
(138,40,3,1033.91),
(138,92,4,531.67),
(139,33,5,1234.04),
(139,28,5,59.34),
(139,60,4,704.29),
(139,39,5,609.82),
(140,14,3,579.96),
(140,1,5,415.29),
(140,66,5,499.03),
(141,78,1,1106.87),
(141,37,4,398.22),
(141,39,1,609.82),
(142,44,3,544.62),
(143,82,3,571.77),
(143,42,2,877.9),
(143,36,2,257.46),
(143,34,5,1103.93),
(144,98,5,634.61),
(144,31,4,924.32),
(144,8,3,1221.21),
(145,88,1,1145.6),
(145,18,4,331.88),
(145,93,3,486.03),
(146,34,4,1103.93),
(146,54,4,312.49),
(147,95,5,595.32),
(147,5,2,1144.25),
(147,75,3,756.49),
(148,93,5,486.03),
(148,92,4,531.67),
(148,29,3,1024.48),
(149,65,2,185.04),
(149,39,5,609.82),
(150,24,4,297.56),
(150,38,2,281.13),
(150,13,3,440.28),
(151,93,5,486.03),
(152,98,3,634.61),
(152,24,1,297.56),
(153,29,3,1024.48),
(153,46,4,897.02),
(153,96,3,940.45),
(154,48,3,331.46),
(154,34,4,1103.93),
(154,75,1,756.49),
(155,61,1,293.04),
(156,82,5,571.77),
(156,75,5,756.49),
(157,10,2,281.7),
(157,61,5,293.04),
(158,16,5,761.43),
(158,88,3,1145.6),
(158,49,4,871.17),
(159,7,2,20.08),
(160,18,2,331.88),
(161,44,5,544.62),
(161,53,4,318.62),
(162,19,3,1266.24),
(163,92,2,531.67),
(164,100,3,241.47),
(164,11,2,1110.25),
(164,63,3,1275.12),
(165,82,4,571.77),
(165,8,3,1221.21),
(165,1,2,415.29),
(166,98,5,634.61),
(166,100,2,241.47),
(166,22,4,1025.7),
(167,98,1,634.61),
(168,17,4,407.64),
(168,79,4,457.88),
(168,56,4,921.27),
(169,62,4,443.6),
(170,1,3,415.29),
(170,5,1,1144.25),
(170,69,3,77.18),
(170,26,5,525.58),
(171,25,1,1125.01),
(171,3,2,601.18),
(171,87,2,638.93),
(172,89,2,1232.99),
(172,45,1,505.32),
(172,40,4,1033.91),
(173,65,3,185.04),
(173,76,3,521.67),
(173,40,4,1033.91),
(173,22,5,1025.7),
(173,9,5,967.71),
(173,6,5,1085.52),
(174,44,2,544.62),
(174,56,3,921.27),
(175,63,2,1275.12),
(175,46,4,897.02),
(175,97,1,1236.62),
(175,25,2,1125.01),
(176,29,2,1024.48),
(176,94,2,1295.64),
(177,94,5,1295.64),
(177,3,5,601.18),
(178,22,3,1025.7),
(178,16,1,761.43),
(179,49,3,871.17),
(179,82,5,571.77),
(180,80,1,845.32),
(180,7,1,20.08),
(180,77,1,1081.43),
(181,7,4,20.08),
(181,89,4,1232.99),
(181,15,1,107.05),
(181,54,5,312.49),
(182,33,2,1234.04),
(182,61,2,293.04),
(183,89,1,1232.99),
(184,39,1,609.82),
(184,54,5,312.49),
(184,85,3,324.57),
(185,80,2,845.32),
(185,78,4,1106.87),
(186,14,1,579.96),
(186,66,3,499.03),
(186,93,1,486.03),
(186,80,1,845.32),
(187,64,2,738.06),
(187,26,3,525.58),
(187,78,5,1106.87),
(188,26,4,525.58),
(188,46,3,897.02),
(188,91,2,643.15),
(189,6,2,1085.52),
(189,71,4,1092.6),
(189,64,3,738.06),
(190,31,1,924.32),
(190,1,1,415.29),
(191,15,4,107.05),
(191,74,2,1253.21),
(192,12,5,129.06),
(192,100,1,241.47),
(193,93,3,486.03),
(193,13,2,440.28),
(194,59,1,625.29),
(194,38,3,281.13),
(194,34,3,1103.93),
(194,60,3,704.29),
(194,7,4,20.08),
(194,13,1,440.28),
(194,23,1,296.93),
(195,98,1,634.61),
(196,2,2,842.69),
(196,18,3,331.88),
(196,85,3,324.57),
(197,57,1,709.96),
(197,80,3,845.32),
(197,35,3,536.82),
(197,94,2,1295.64),
(198,15,3,107.05),
(198,52,4,1093.41),
(198,59,4,625.29),
(199,54,2,312.49),
(199,84,1,356.22),
(200,17,1,407.64);

-- Insert Payments (200)
INSERT INTO Payments (order_id, payment_date, amount, payment_method) VALUES

(1,'2025-07-24 07:08:26',9545.77,'Bank Transfer'),
(2,'2025-02-07 15:51:26',2098.31,'PayPal'),
(3,'2025-07-12 15:10:26',1462.9,'PayPal'),
(4,'2025-09-28 12:38:26',4992.4,'Bank Transfer'),
(5,'2025-08-07 18:36:26',5016.0,'PayPal'),
(6,'2025-08-16 21:06:26',6918.46,'Credit Card'),
(7,'2025-09-11 01:53:26',1576.74,'PayPal'),
(8,'2025-10-06 11:39:26',2736.9,'Bank Transfer'),
(9,'2025-01-17 10:58:26',11173.34,'Bank Transfer'),
(10,'2024-12-28 02:52:26',6478.2,'PayPal'),
(11,'2025-01-20 17:50:26',1269.22,'Bank Transfer'),
(12,'2025-08-25 20:52:26',3570.7,'Bank Transfer'),
(13,'2025-06-07 19:12:26',3453.62,'Bank Transfer'),
(14,'2025-03-30 05:41:26',2538.44,'Bank Transfer'),
(15,'2025-09-16 09:53:26',13164.73,'Credit Card'),
(16,'2025-01-27 18:40:26',10949.93,'PayPal'),
(17,'2025-07-21 07:46:26',5812.5,'PayPal'),
(18,'2025-05-02 03:13:26',3930.89,'PayPal'),
(19,'2025-09-17 18:20:26',6091.62,'Bank Transfer'),
(20,'2025-04-02 21:42:26',3616.35,'Credit Card'),
(21,'2025-09-02 20:06:26',7804.23,'Bank Transfer'),
(22,'2025-02-26 07:40:26',1073.64,'PayPal'),
(23,'2025-02-27 00:27:26',3191.3,'PayPal'),
(24,'2025-10-04 07:09:26',2874.0,'PayPal'),
(25,'2025-09-24 16:59:26',4354.42,'Credit Card'),
(26,'2025-08-27 14:55:26',2438.65,'Bank Transfer'),
(27,'2025-05-10 17:59:26',1537.26,'Credit Card'),
(28,'2025-02-22 00:11:26',2112.87,'Credit Card'),
(29,'2025-06-20 20:13:26',6240.06,'Bank Transfer'),
(30,'2025-02-12 11:52:26',3410.38,'PayPal'),
(31,'2025-02-24 07:28:26',7211.37,'Bank Transfer'),
(32,'2025-06-22 10:13:26',4373.64,'PayPal'),
(33,'2025-05-16 17:01:26',4985.3,'PayPal'),
(34,'2025-08-20 08:37:26',1848.86,'Credit Card'),
(35,'2025-02-03 05:42:26',15959.32,'Bank Transfer'),
(36,'2025-03-18 07:18:26',4072.05,'Bank Transfer'),
(37,'2025-07-05 04:27:26',815.14,'PayPal'),
(38,'2025-06-24 19:42:26',40.16,'Credit Card'),
(39,'2025-04-23 06:46:26',9183.95,'PayPal'),
(40,'2025-09-19 13:41:26',5556.12,'Bank Transfer'),
(41,'2025-08-10 20:05:26',1922.52,'Bank Transfer'),
(42,'2025-01-28 06:03:26',11456.35,'Credit Card'),
(43,'2025-01-14 11:31:26',5125.84,'Bank Transfer'),
(44,'2025-03-05 16:04:26',1593.1,'Bank Transfer'),
(45,'2025-07-14 11:57:26',6473.76,'Credit Card'),
(46,'2025-08-09 07:10:26',2613.61,'Bank Transfer'),
(47,'2025-05-01 17:38:26',4640.36,'PayPal'),
(48,'2025-03-12 14:36:26',12124.64,'Bank Transfer'),
(49,'2025-06-08 02:09:26',4234.32,'PayPal'),
(50,'2025-05-15 19:43:26',4680.57,'Credit Card'),
(51,'2025-08-03 20:56:26',4884.84,'Bank Transfer'),
(52,'2025-01-24 00:41:26',7229.19,'Bank Transfer'),
(53,'2025-01-05 23:49:26',8049.63,'Bank Transfer'),
(54,'2025-01-02 14:21:26',595.32,'Credit Card'),
(55,'2025-06-27 14:49:26',1269.22,'PayPal'),
(56,'2025-04-19 13:26:26',9482.93,'Bank Transfer'),
(57,'2025-07-13 18:00:26',9609.55,'Bank Transfer'),
(58,'2025-04-30 12:27:26',13001.49,'PayPal'),
(59,'2024-12-29 18:57:26',1572.05,'Bank Transfer'),
(60,'2025-03-13 12:47:26',8483.66,'Bank Transfer'),
(61,'2025-05-19 20:43:26',2842.37,'Credit Card'),
(62,'2025-01-19 07:33:26',9064.21,'PayPal'),
(63,'2025-07-31 08:52:26',1528.5,'Credit Card'),
(64,'2025-07-03 01:46:26',4400.96,'Credit Card'),
(65,'2025-05-19 13:18:26',1829.46,'Credit Card'),
(66,'2025-09-11 11:44:26',9291.52,'PayPal'),
(67,'2025-06-30 17:32:26',4655.86,'PayPal'),
(68,'2025-02-24 06:55:26',2494.45,'Bank Transfer'),
(69,'2024-12-30 02:47:26',3504.3,'Bank Transfer'),
(70,'2024-12-29 22:19:26',1892.29,'Bank Transfer'),
(71,'2025-05-18 11:52:26',8278.59,'Credit Card'),
(72,'2025-03-31 22:08:26',4331.8,'Bank Transfer'),
(73,'2025-05-05 17:31:26',5122.4,'Credit Card'),
(74,'2025-06-07 03:55:26',3374.1,'PayPal'),
(75,'2025-06-19 13:49:26',2726.0,'Bank Transfer'),
(76,'2025-04-07 16:00:26',6230.54,'Bank Transfer'),
(77,'2025-07-04 11:22:26',9749.63,'PayPal'),
(78,'2025-02-26 04:51:26',4520.78,'Credit Card'),
(79,'2025-07-10 04:47:26',7680.3,'Bank Transfer'),
(80,'2025-08-12 22:32:26',3393.62,'PayPal'),
(81,'2025-05-23 17:18:26',512.42,'Credit Card'),
(82,'2025-07-22 15:40:26',4877.32,'PayPal'),
(83,'2025-10-11 00:05:26',3241.74,'Bank Transfer'),
(84,'2025-07-26 09:25:26',8286.78,'PayPal'),
(85,'2025-09-16 13:55:26',6396.18,'Bank Transfer'),
(86,'2025-05-11 18:44:26',1019.27,'Bank Transfer'),
(87,'2025-01-04 23:30:26',1019.78,'Bank Transfer'),
(88,'2025-05-03 18:20:26',1593.1,'Credit Card'),
(89,'2025-01-20 07:44:26',8484.5,'Bank Transfer'),
(90,'2025-07-23 21:00:26',5937.35,'Bank Transfer'),
(91,'2025-03-21 08:12:26',2550.24,'Credit Card'),
(92,'2025-06-25 13:13:26',60.24,'PayPal'),
(93,'2025-04-12 01:21:26',2704.56,'Bank Transfer'),
(94,'2025-01-14 18:59:26',525.58,'Bank Transfer'),
(95,'2025-10-09 06:52:26',3994.03,'PayPal'),
(96,'2025-02-27 02:37:26',4931.11,'Bank Transfer'),
(97,'2025-06-11 08:51:26',10268.92,'PayPal'),
(98,'2025-04-01 07:10:26',5105.47,'PayPal'),
(99,'2025-01-09 11:16:26',8434.19,'Credit Card'),
(100,'2025-01-21 23:02:26',2368.23,'Bank Transfer'),
(101,'2025-02-26 19:32:26',4515.73,'PayPal'),
(102,'2025-07-07 00:02:26',5081.59,'Credit Card'),
(103,'2025-08-25 04:45:26',12854.31,'Bank Transfer'),
(104,'2025-01-13 09:54:26',5856.11,'Credit Card'),
(105,'2025-06-27 12:54:26',9304.8,'Credit Card'),
(106,'2025-03-10 07:21:26',6552.69,'Bank Transfer'),
(107,'2025-03-04 13:42:26',11648.5,'Credit Card'),
(108,'2025-07-27 10:05:26',5650.8,'Bank Transfer'),
(109,'2025-04-27 09:29:26',10827.81,'Credit Card'),
(110,'2025-09-16 04:44:26',10541.2,'PayPal'),
(111,'2025-01-01 07:58:26',312.49,'Credit Card'),
(112,'2025-06-02 21:10:26',624.98,'PayPal'),
(113,'2025-03-19 21:14:26',10892.7,'Credit Card'),
(114,'2025-03-27 13:27:26',2836.01,'Bank Transfer'),
(115,'2025-10-09 13:48:26',8265.39,'Bank Transfer'),
(116,'2025-09-10 10:57:26',2288.5,'Credit Card'),
(117,'2025-09-05 22:35:26',10308.46,'Bank Transfer'),
(118,'2025-08-20 00:44:26',7774.53,'Bank Transfer'),
(119,'2025-05-11 15:29:26',5586.22,'PayPal'),
(120,'2025-03-02 22:09:26',4852.66,'Bank Transfer'),
(121,'2025-09-27 19:24:26',6348.1,'Bank Transfer'),
(122,'2025-06-23 05:47:26',1830.46,'PayPal'),
(123,'2025-01-07 00:54:26',3381.22,'Credit Card'),
(124,'2025-05-13 12:38:26',3215.75,'Bank Transfer'),
(125,'2025-04-05 09:59:26',2186.82,'Bank Transfer'),
(126,'2025-08-02 07:32:26',2294.38,'Credit Card'),
(127,'2024-12-23 15:09:26',3072.53,'Bank Transfer'),
(128,'2025-01-06 08:15:26',625.29,'Credit Card'),
(129,'2025-04-20 04:08:26',7173.64,'Bank Transfer'),
(130,'2025-01-24 06:24:26',2495.97,'Credit Card'),
(131,'2025-06-21 14:41:26',6757.78,'PayPal'),
(132,'2025-07-06 07:23:26',3928.78,'Bank Transfer'),
(133,'2024-12-27 08:40:26',3057.81,'Bank Transfer'),
(134,'2025-02-18 13:59:26',4570.58,'Credit Card'),
(135,'2025-05-17 13:30:26',5068.06,'PayPal'),
(136,'2025-08-24 03:48:26',3165.58,'Bank Transfer'),
(137,'2025-02-06 00:12:26',5343.33,'Credit Card'),
(138,'2025-06-15 07:16:26',17665.49,'Bank Transfer'),
(139,'2025-09-08 04:14:26',12333.16,'PayPal'),
(140,'2025-02-24 23:55:26',6311.48,'Bank Transfer'),
(141,'2025-05-09 11:57:26',3309.57,'Credit Card'),
(142,'2024-12-27 16:11:26',1633.86,'PayPal'),
(143,'2025-03-08 05:34:26',9505.68,'PayPal'),
(144,'2025-06-09 02:49:26',10533.96,'Bank Transfer'),
(145,'2025-03-04 01:41:26',3931.21,'PayPal'),
(146,'2025-08-05 12:48:26',5665.68,'PayPal'),
(147,'2025-02-09 20:06:26',7534.57,'PayPal'),
(148,'2025-05-09 18:59:26',7630.27,'Credit Card'),
(149,'2025-07-15 13:56:26',3419.18,'Credit Card'),
(150,'2025-05-23 05:37:26',3073.34,'Bank Transfer'),
(151,'2025-07-05 01:48:26',2430.15,'Bank Transfer'),
(152,'2025-09-03 11:30:26',2201.39,'Credit Card'),
(153,'2025-01-26 14:33:26',9482.87,'Bank Transfer'),
(154,'2024-12-20 21:45:26',6166.59,'Bank Transfer'),
(155,'2025-06-27 08:59:26',293.04,'PayPal'),
(156,'2025-01-07 17:04:26',6641.3,'Bank Transfer'),
(157,'2025-07-28 23:09:26',2028.6,'Credit Card'),
(158,'2025-05-18 06:05:26',10728.63,'Bank Transfer'),
(159,'2025-01-25 08:09:26',40.16,'PayPal'),
(160,'2025-01-29 09:52:26',663.76,'Credit Card'),
(161,'2025-07-20 18:26:26',3997.58,'PayPal'),
(162,'2025-07-24 04:58:26',3798.72,'Bank Transfer'),
(163,'2025-07-30 10:48:26',1063.34,'PayPal'),
(164,'2025-04-13 09:20:26',6770.27,'PayPal'),
(165,'2025-06-17 08:18:26',6781.29,'PayPal'),
(166,'2025-06-16 08:52:26',7758.79,'Credit Card'),
(167,'2025-01-20 23:10:26',634.61,'PayPal'),
(168,'2025-02-23 09:32:26',7147.16,'Bank Transfer'),
(169,'2025-05-01 06:49:26',1774.4,'Bank Transfer'),
(170,'2025-05-25 11:18:26',5249.56,'Bank Transfer'),
(171,'2025-01-07 16:23:26',3605.23,'PayPal'),
(172,'2025-04-02 22:57:26',7106.94,'Bank Transfer'),
(173,'2025-09-03 18:18:26',21650.42,'PayPal'),
(174,'2025-06-20 18:09:26',3853.05,'PayPal'),
(175,'2025-04-19 18:44:26',9624.96,'PayPal'),
(176,'2025-10-09 17:38:26',4640.24,'Credit Card'),
(177,'2025-03-02 05:20:26',9484.1,'Credit Card'),
(178,'2025-01-22 14:17:26',3838.53,'Credit Card'),
(179,'2025-07-29 05:24:26',5472.36,'PayPal'),
(180,'2025-08-13 13:20:26',1946.83,'PayPal'),
(181,'2025-04-26 11:27:26',6681.78,'PayPal'),
(182,'2025-02-09 19:21:26',3054.16,'Bank Transfer'),
(183,'2025-07-22 13:41:26',1232.99,'PayPal'),
(184,'2025-10-02 03:32:26',3145.98,'Credit Card'),
(185,'2024-12-23 16:24:26',6118.12,'Credit Card'),
(186,'2025-01-24 08:37:26',3408.4,'Bank Transfer'),
(187,'2025-07-30 09:24:26',8587.21,'PayPal'),
(188,'2025-07-12 18:09:26',6079.68,'Bank Transfer'),
(189,'2024-12-28 14:33:26',8755.62,'Bank Transfer'),
(190,'2025-05-21 08:21:26',1339.61,'PayPal'),
(191,'2025-02-13 19:24:26',2934.62,'Credit Card'),
(192,'2025-03-16 15:25:26',886.77,'Bank Transfer'),
(193,'2025-07-11 14:52:26',2338.65,'Bank Transfer'),
(194,'2025-05-31 04:48:26',7710.87,'Bank Transfer'),
(195,'2025-04-20 19:56:26',634.61,'Bank Transfer'),
(196,'2025-09-08 03:10:26',3654.73,'PayPal'),
(197,'2025-08-07 07:33:26',7447.66,'Credit Card'),
(198,'2025-01-18 17:51:26',7195.95,'PayPal'),
(199,'2025-07-28 15:28:26',981.2,'Credit Card'),
(200,'2025-02-11 14:56:26',407.64,'Credit Card');
